Stock no,Description,As is,18K Code,14K Code,10K Code,9K Code,Silver Code,Gold weight,1st Stn,1st Stn qty,1st Stn weight,2nd Stn,2nd Stn qty,2nd Stn weight,3rd Stn,3rd Stn qty,3rd Stn weight,4th Stn,4th Stn qty,4th Stn weight
177035,"SA RING, WG, #17775",189920,202738,196781,190830,189564,181714,4.05,SA,1,2.22,PS,5,1.11,PS,2,0.25,DA,20,0.21
165484,"EM RING, WG, #16091",364123,378173,371620,365112,363723,355125,4.44,EM,1,2.15,DA,2,0.78,,0,0,,0,0
163835,"SA RING, WG, #16237",237812,254651,246796,239020,237337,227035,5.32,SA,1,2.47,OV,8,1.25,,0,0,,0,0
161581,"EM RING, WG, #16092",330485,343146,337244,331385,330128,322382,4,EM,1,1.79,DA,2,1.04,DA,12,0.27,,0,0
161582,"EM RING, WG, #16093",350486,363872,357634,351423,350099,341915,4.23,EM,1,2.02,OV,2,1.16,,0,0,,0,0
178657,"SA RING, WG, #17786",112014,125411,119401,113479,112184,104336,4.06,SA,1,2.38,TD,35,0.32,DA,18,0.63,,0,0
175255,"EM RING, YW, #17477",240051,252140,246519,240920,239694,232310,3.82,EM,1,1.37,PS,2,0.63,,0,0,,0,0
169811,"SA RING, WG, #16837",145446,162407,154508,146653,144963,134584,5.36,SA,1,2.34,DA,10,1.45,,0,0,,0,0
159007,"EM RING, WG, #15710",89464,96116,91885,87712,86794,81269,2.86,EM,1,0.74,DA,2,0.31,,0,0,,0,0
179843,"DA RING, YW, #10630",182549,200966,192394,183865,182011,170754,5.82,DA,2,1.02,DA,16,1.66,DA,12,0.18,DA,4,0.04
180168,"PL RING, PG, #17911",92421,102518,97799,93133,92130,85959,3.19,PL,1,6.05,DA,6,0.39,,0,0,,0,0
172431,"RU RING, WG, #16687",28430,35245,30937,26618,25716,20035,2.93,RU,6,1.36,DA,1,0.09,DA,6,0.22,DA,12,0.2
177635,"RU RING, WG, #17840",111065,125243,118646,112059,110662,101987,4.48,RU,1,1.54,OV,1,0.28,PS,1,0.21,DA,56,0.53
182630,"PS RING, YG, #17946",19929,30278,25471,20675,19629,13304,3.27,PS,2,0.96,DA,88,0.33,,0,0,,0,0
179660,"TZ RING, WG, #17257",32827,41342,37381,33426,32594,27378,2.69,TZ,1,1.7,DA,14,0.43,,0,0,,0,0
183170,"RU RING, WG, #18583",464197,475306,470109,464991,463876,457085,3.51,RU,1,2.98,HM,2,0.67,DA,10,0.6,,0,0
156878,"RU RING, WG, #15567",469984,483468,477196,470948,469617,461355,4.26,RU,1,3.13,CA,2,0.51,DA,8,0.78,DA,8,0.05
182441,"DA EARRINGS, WG, #18515",11672,16643,14332,12039,11540,8493,1.57,DA,14,0.16,DA,28,0.18,,0,0,,0,0
181156,"DA EARRINGS, WG, #14141",12810,17049,15074,13103,12675,10093,1.34,DA,26,0.37,DA,12,0.09,,0,0,,0,0
181208,"DA EARRINGS, WG, #6737",13793,18855,16511,14151,13648,10549,1.6,DA,14,0.5,,0,0,,0,0,,0,0
180530,"DA EARRINGS, WG, #18338",16531,21911,19415,16913,16392,13086,1.7,DA,8,0.46,DA,2,0.06,DA,8,0.04,,0,0
184337,"DA EARRINGS, WG, #18634",5989,9346,7763,6235,5910,3843,1.06,DA,2,0.14,,0,0,,0,0,,0,0
183651,"PR EARRINGS, WG, #15722",16569,21380,19123,16922,16433,13490,1.52,PR,2,0.29,DA,32,0.13,,0,0,,0,0
181691,"DA EARRINGS, WG, #11001",15586,20934,18450,15959,15441,12162,1.69,DA,2,0.29,DA,26,0.1,,0,0,,0,0
181136,"DA EARRINGS, WG, #8954",10328,14946,12797,10659,10208,7367,1.46,DA,14,0.35,,0,0,,0,0,,0,0
184803,"DA EARRINGS, WG, #18558",15334,19856,17848,15839,15404,12743,1.37,DA,2,0.41,,0,0,,0,0,,0,0
184597,"DA EARRINGS, WG, #18558",16367,20889,18881,16872,16437,13777,1.37,DA,2,0.41,,0,0,,0,0,,0,0
181204,"DA EARRINGS, WG, #13386",29135,37586,33648,29747,28890,23726,2.67,DA,14,0.92,,0,0,,0,0,,0,0
184340,"DA EARRINGS, WG, #18637",5725,9839,7908,6017,5622,3091,1.3,DA,2,0.02,DA,20,0.08,,0,0,,0,0
183220,"DA EARRINGS, WG, #11906",28808,36880,33115,29382,28574,23643,2.55,DA,2,0.33,DA,24,0.21,DA,36,0.13,,0,0
184373,"DA EARRINGS, WG, #18642",9261,16818,13423,10079,9372,4931,2.29,DA,2,0.08,DA,16,0.09,,0,0,,0,0
183620,"DA EARRINGS, PG, #16214",17804,24005,21098,18248,17626,13830,1.96,DA,2,0.32,DA,20,0.12,,0,0,,0,0
180465,"SB EARRINGS, WG, #18327",3616,7425,6198,4925,4665,3013,0.64,SB,2,7.65,SB,6,7.36,,0,0,,0,0
179505,"AM EARRINGS, WG, #18203",2780,6089,5036,3960,3720,2301,0.55,AM,2,5.08,AM,2,0.83,,0,0,,0,0
179614,"SB EARRINGS, WG, #11965",2549,6178,4994,3802,3548,1973,0.61,SB,2,6.92,SB,2,0.1,,0,0,,0,0
183864,"BT EARRINGS, WG, #16862",6023,11235,8912,6577,6079,3033,1.58,BT,8,1.14,SB,2,2.27,DA,16,0.05,,0,0
183814,"SB EARRINGS, WG, #18212",5460,10842,8346,5843,5322,2017,1.7,SB,2,6.88,,0,0,,0,0,,0,0
182271,"BT EARRINGS, WG, #7134",6224,12428,9521,6671,6049,2253,1.96,BT,8,2.67,DA,2,0.04,,0,0,,0,0
184472,"RA EARRINGS, YG, #10561",5678,11814,9059,6351,5774,2159,1.86,RA,10,1.54,,0,0,,0,0,,0,0
184663,"AQ EARRINGS, WG, #10192",9185,14562,12143,9757,9250,6100,1.63,AQ,10,1.6,DA,2,0.13,,0,0,,0,0
185622,"PE EARRINGS, WG, #14592",3062,10498,8068,5700,5161,1985,1.23,PE,2,0,,0,0,,0,0,,0,0
184580,"PL EARRINGS, WG, #1399",18698,31187,26413,21684,20642,14369,2.95,PL,2,8.31,EM,2,0.12,DA,4,0.15,DA,30,0.15
183821,"CI EARRINGS, YG, #15374",8576,17312,13233,9203,8330,2985,2.76,CI,2,3.52,AM,2,1.5,SB,2,1.2,GA,2,3.64
184355,"SB PENDANT, WG, #18656",9597,14945,12460,9970,9452,6173,1.69,SB,1,11.05,DA,15,0.06,,0,0,,0,0
185585,"AQ PENDANT, WG, #10760",7820,11878,10066,8250,7869,5494,1.23,AQ,1,1.25,DA,37,0.14,,0,0,,0,0
182277,"AQ PENDANT, WG, #18502",8177,13809,11184,8564,8030,4570,1.78,AQ,1,1.47,DA,15,0.06,,0,0,,0,0
183463,"RU PENDANT, YG, #8819",21374,36619,31585,26651,25553,18970,2.55,RU,2,1.34,RS,6,2.95,BD,3,0.34,DA,3,0.32
183649,"PR EARRINGS, WG, #15723",51408,66377,59380,52458,50990,41824,4.73,PR,2,0.6,DA,32,0.16,DA,40,0.6,,0,0
180316,"DA EARRINGS, WG, #18311",47561,64240,56482,48757,47082,36883,5.27,DA,38,1.13,DA,36,0.72,,0,0,,0,0
184867,"DA EARRINGS, WG, #18172",5897,10251,8298,6382,5955,3399,1.32,DA,14,0.13,,0,0,,0,0,,0,0
184338,"DA EARRINGS, WG, #18635",17900,23915,21116,18329,17718,14052,1.9,DA,2,0.32,DA,10,0.14,,0,0,,0,0
183195,"FP EARRINGS, WG, #1399",7413,14439,11163,7924,7201,2915,2.22,FP,2,13.75,,0,0,,0,0,,0,0
184596,"DA PENDANT, YG, #18673",15338,21311,18653,15995,15427,11916,1.81,DA,35,0.14,YD,15,0.3,,0,0,,0,0
184313,"DA PENDANT, WG, #18641",19971,26807,23638,20462,19777,15595,2.16,DA,1,0.26,DA,8,0.24,,0,0,,0,0
176558,"DA PENDANT, WG, #17139",19110,23762,21602,19451,18971,16131,1.47,DA,4,0.38,DA,1,0.08,DA,32,0.15,,0,0
184387,"EM PENDANT, WG, #18664",30366,35691,32296,28952,28245,23804,2.29,EM,1,1.54,DA,18,0.33,,0,0,,0,0
184388,"EM EARRINGS, WG, #18665",51761,67238,60023,52854,51330,41854,4.89,EM,2,2.94,DA,36,0.65,,0,0,,0,0
183168,"EM PENDANT, WG, #18581",185056,191384,188433,185504,184875,181002,2,EM,1,1.86,PS,3,0.32,DA,18,0.46,,0,0
180843,"RU PENDANT, WG, #15589",12449,14331,13148,11956,11702,10127,0.81,RU,1,0.69,DA,6,0.15,DA,6,0.08,,0,0
185065,"RU PENDANT, WG, #15114",15364,17970,16321,14688,14325,12156,1.12,RU,1,0.56,DA,18,0.2,,0,0,,0,0
183364,"SA EARRINGS, WG, #14163",11050,15538,13541,11545,11112,8478,1.36,SA,2,0.53,DA,24,0.15,,0,0,,0,0
184181,"SA EARRINGS, WG, #11473",13432,20854,17544,14238,13538,9174,2.25,SA,2,0.81,DA,20,0.13,,0,0,,0,0
176840,"OP EARRINGS, WG, #17736",6502,10838,8830,6822,6386,3726,1.37,OP,2,1.3,,0,0,,0,0,,0,0
184518,"RU PENDANT, WG, #16384",15048,18371,16841,15284,14961,12920,1.05,RU,1,0.6,DA,19,0.19,DA,4,0.03,,0,0
170291,"OP PENDANT, YG, #1399",17548,27359,22781,18244,17257,11268,3.1,OP,1,0.67,OP,1,3.79,BD,1,0.2,,0,0
178653,"EM EARRINGS, WG, #14453",97608,140747,123821,107039,103385,81155,10.45,EM,64,6,PR,58,2.22,DA,2,0.12,DA,4,0.14
183698,"RU MIXED NECKLACE, WG, #16454",22894,30149,25548,20987,19995,13953,3.12,RU,4,0.95,DA,1,0.04,DA,32,0.29,,0,0
178611,"AM EARRINGS, WG, #18034",15817,37378,30293,23271,21731,12410,3.61,AM,2,6.26,PL,10,10.18,DA,10,0.03,,0,0
181195,"AM EARRINGS, YG, #11954",4427,14292,11037,7852,7132,2872,1.65,AM,2,4.4,AM,2,1.4,LQ,4,1.53,,0,0
182605,"EM EARRINGS, YG, #18532",16565,26111,22975,19866,19186,15055,1.6,EM,2,0.7,PS,2,0.88,OA,6,3.02,DA,16,0.05
179616,"CI EARRINGS, YG, #18201",3804,11058,8714,6354,5851,2752,1.2,CI,2,5.16,SB,2,4.96,,0,0,,0,0
177172,"PL EARRINGS, WG, #1399",79019,89812,84767,79791,78721,72110,3.41,PL,16,21.22,MS,4,18.4,OV,2,0.42,DA,98,1.35
179644,"PE MIXED NECKLACE, WG, #18031",10991,26237,21203,16269,15172,8588,2.55,PE,5,6,DA,19,0.17,,0,0,,0,0
181231,"DA BRACELET, WG, #11905",8341,16369,13733,11100,10537,7077,1.34,DA,43,0.23,,0,0,,0,0,,0,0
185639,"PA MIXED NECKLACE, WG, #17588",6649,17531,13973,10504,9721,5074,1.8,PA,1,1.27,SB,1,1.59,PL,1,1,DA,7,0.14
184736,"PL MIXED NECKLACE, WG, #1399",15217,26686,22943,19265,18459,13553,1.9,PL,10,21.02,DA,74,0.21,,0,0,,,0
181279,"FP MIXED NECKLACE, WG, #11052",22596,33038,28157,23335,22312,15909,3.3,FP,1,8,DA,1,0.07,DA,8,0.29,,0,0
184460,"AM MIXED NECKLACE, YG, #18652",11140,16979,13247,9581,8777,3898,2.29,AM,1,5.28,AM,1,0.19,DA,3,0.03,,0,0
180312,"AQ MIXED NECKLACE, WG, #18307",27213,41739,36965,32236,31195,24921,2.43,AQ,1,3.19,DA,3,0.2,DA,3,0.03,DA,26,0.14
181747,"AQ MIXED NECKLACE, WG, #17070",23657,34734,31057,27483,26688,21912,1.85,AQ,1,3.19,DA,3,0.2,,0,0,,0,0
184588,"SA BRACELET, WG, #1399",7132,13886,11705,9528,9044,6152,1.12,SA,4,0.39,DA,3,0.21,,0,0,,0,0
182561,"SA BRACELET, WG, #11586",5544,11488,9546,7642,7218,4687,0.98,SA,1,0.4,DA,6,0.16,DA,1,0.02,,0,0
179743,"DA BRACELET, WG, #18250",9429,15778,13696,11662,11222,8511,1.05,DA,3,0.28,DA,4,0.07,,0,0,,0,0
174865,"PL BRACELET, PG, #1278",26053,39121,33035,26966,25687,17683,4.13,PL,19,9.08,,0,0,,0,0,,0,0
177412,"RU BRACELET, WG, #17356",180104,231499,207544,183743,178646,147198,16.24,RU,19,8.92,DA,266,2.8,,0,0,,0,0
178638,"SA BRACELET, WG, #14113",151292,186990,170326,153812,150279,128436,11.28,SA,14,8.32,DA,14,0.43,DA,252,1.77,,0,0
174611,"BS BRACELET, WG, #15034",199651,231931,216872,201940,198735,178982,10.2,BS,19,11.89,DA,42,1.6,,0,0,,0,0
173252,"EM BRACELET, WG, #15035",170675,202187,187465,172884,169746,150434,9.97,EM,14,5.81,DA,60,2.53,,0,0,,0,0
182301,"RU RING, WG, #18505",24994,30226,26916,23610,22910,18546,2.25,RU,1,0.75,DA,16,0.14,,0,0,,0,0
178268,"SA RING, WG, #17780",21235,28118,23736,19421,18485,12753,2.96,SA,1,0.56,DA,14,0.3,DA,18,0.07,,0,0
176978,"SA RING, WG, #17759",46246,53430,48863,44339,43380,37390,3.09,SA,1,1.27,DA,14,0.42,DA,24,0.28,,0,0
173382,"RU RING, WG, #15027",45864,55421,49356,43342,42038,34086,4.11,RU,1,0.67,TD,14,0.21,DA,10,0.53,,0,0
180600,"RU RING, WG, #15590",25469,30934,27473,24024,23279,18735,2.35,RU,1,0.89,DA,6,0.21,DA,6,0.09,,0,0
181504,"AQ RING, WG, #17820",29505,40455,35356,30288,29208,22495,3.46,AQ,1,2.38,DA,10,0.27,DA,10,0.12,,0,0
181899,"AQ RING, WG, #17856",34150,44307,39566,34874,33867,27643,3.21,AQ,1,2.31,DA,14,0.54,,0,0,,0,0
181928,"RU RING, WG, #18476",31802,39708,34675,29711,28643,22059,3.4,RU,5,1.66,DA,6,0.06,DA,60,0.29,,0,0
181585,"RU RING, WG, #15916",35482,48409,40207,32067,30314,19547,5.56,RU,12,1.27,DA,64,0.33,,0,0,,0,0
180841,"EM EARRINGS, WG, #18167",18959,24677,21053,17450,16658,11908,2.46,EM,8,1.09,DA,2,0.14,DA,56,0.14,,0,0
184506,"BS EARRINGS, WG, #18669",20975,27206,23257,19315,18484,13295,2.68,BS,2,1.63,DA,32,0.24,,0,0,,0,0
183850,"RU PENDANT, WG, #10068",7304,9140,7979,6811,6562,5038,0.79,RU,6,0.43,DA,1,0.06,,0,0,,0,0
183830,"SA PENDANT, WG, #15357",9794,12467,10784,9085,8717,6497,1.15,SA,5,0.51,DA,1,0.09,,0,0,,0,0
184767,"RU PENDANT, WG, #15493",11936,15496,13229,10985,10523,7554,1.53,RU,4,1.1,DA,1,0.04,DA,36,0.12,,0,0
184959,"RU PENDANT, WG, #15472",47195,50031,48230,46455,46074,43698,1.22,RU,1,1.15,DA,12,0.35,,0,0,,0,0
181654,"EM EARRINGS, WG, #18490",13700,18178,16170,14161,13726,11065,1.37,EM,2,0.48,DA,30,0.19,,0,0,,0,0
183196,"RU EARRINGS, WG, #14701",18367,23942,21457,18967,18448,15169,1.69,RU,2,1.16,DA,24,0.21,DA,8,0.04,,0,0
185155,"RU PENDANT, WG, #13821",14116,18999,16829,14636,14183,11317,1.48,RU,5,1.33,DA,1,0.04,DA,18,0.06,,0,0
185337,"RU RING, WG, #80234",15221,22943,19493,16057,15341,10796,2.34,RU,5,1.09,DA,1,0.02,DA,14,0.08,,0,0
186332,"SA RING, WG, #18322",16208,22049,19435,16857,16296,12861,1.77,SA,1,0.62,SA,2,0.49,DA,38,0.18,,0,0
179133,"RU RING, WG, #16283",13427,18837,16407,14009,13500,10324,1.64,RU,1,0.52,DA,12,0.15,DA,28,0.07,,0,0
179021,"DA RING, WG, #18085",8967,15691,13054,10422,9859,6400,1.63,DA,18,0.27,,0,0,,0,0,,0,0
181619,"DA RING, WG, #15839",12760,17981,15540,13129,12618,9416,1.65,DA,7,0.25,DA,25,0.16,,0,0,,0,0
180711,"EM RING, YG, #18378",4334,7078,5776,4478,4214,2510,0.88,EM,7,0.1,,0,0,,0,0,,0,0
183594,"RU RING, WG, #16231",30866,42581,37340,32143,31020,24153,3.55,RU,2,1.36,DA,60,0.66,,0,0,,0,0
178536,"BS RING, WG, #16924",27430,38823,33528,28238,27107,20135,3.6,BS,6,2.1,DA,36,0.25,,0,0,,0,0
184924,"AM PENDANT, WG, #15732",3704,6972,5507,4055,3743,1832,0.99,AM,1,2.14,DA,7,0.02,,0,0,,0,0
184415,"AM PENDANT, WG, #13973",4969,9751,7614,5488,5039,2225,1.45,AM,1,2.66,DA,10,0.04,,0,0,,0,0
184189,"BT PENDANT, WG, #14547",2776,5119,4013,2937,2724,1278,0.74,BT,1,1.91,DA,2,0.02,,0,0,,0,0
180321,"PS MIXED NECKLACE, PG, #11097",15149,24390,20093,15816,14887,9232,2.92,PS,7,0.3,DA,38,0.35,,0,0,,0,0
183453,"RU MIXED NECKLACE, WG, #18600",9899,16132,13214,10352,9728,5906,1.97,RU,1,0.3,DA,26,0.18,,0,0,,0,0
185031,"RU MIXED NECKLACE, PG, #13028",21882,30396,26598,22798,22013,17003,2.58,RU,1,0.69,DA,2,0.06,DA,20,0.18,,0,0
181266,"SA MIXED NECKLACE, WG, #16116",7405,14841,12411,10042,9504,6328,1.23,SA,1,0.98,DA,11,0.1,,0,0,,0,0
170295,"OP RING, YG, #1399",14687,24055,19672,15357,14421,8689,2.96,OP,1,1.34,DA,26,0.21,,0,0,,0,0
170309,"OP RING, YG, #1399",15721,27365,21940,16533,15388,8262,3.68,OP,1,2.13,BD,2,0.24,,0,0,,0,0
173388,"RU RING, WG, #15949",36813,51462,42154,32938,30945,18758,6.3,RU,4,0.51,DA,3,0.33,DA,28,0.25,,0,0
176239,"RU RING, WG, #17619",10521,15057,12161,9323,8704,4934,1.95,RU,3,0.48,DA,8,0.09,,0,0,,0,0
179024,"SA RING, WG, #18088",9656,13888,11218,8548,7951,4441,1.82,SA,5,0.83,DA,8,0.04,,0,0,,0,0
177346,"EM RING, WG, #17804",64659,79866,70210,60631,58568,45917,6.54,EM,10,2.27,DA,74,0.49,,0,0,,0,0
184487,"RU RING, WG, #18015",28749,33864,30609,27395,26704,22444,2.2,RU,1,0.82,DA,14,0.2,,0,0,,0,0
183257,"RU RING, WG, #11483",13810,19483,15881,12303,11542,6817,2.44,RU,1,0.57,DA,24,0.07,,0,0,,0,0
176046,"SA RING, WG, #10466",11281,16350,13117,9928,9268,5033,2.18,SA,1,0.33,DA,10,0.13,,0,0,,0,0
168266,"RU RING, WG, #16603",8820,12867,10286,7745,7191,3835,1.74,RU,1,0.23,DA,12,0.07,,0,0,,0,0
174114,"RU RING, WG, #17362",12130,16292,13655,11023,10459,6999,1.79,RU,1,0.48,DA,29,0.1,,0,0,,0,0
177347,"RU RING, WG, #17805",55142,82958,69993,57107,54344,37329,8.79,RU,9,2.99,DA,8,0.23,DA,68,0.48,,0,0
182637,"RU RING, WG, #16662",23856,38066,31458,24858,23460,14759,4.49,RU,8,1.37,DA,42,0.21,,0,0,,0,0
179663,"SA RING, WG, #17621",13768,21711,17990,14336,13535,8681,2.51,SA,14,1.31,DA,14,0.23,,0,0,,0,0
176012,"SA RING, WG, #17609",19937,33358,27108,20885,19558,11347,4.24,SA,18,0.64,SA,12,0.24,DA,24,0.15,,0,0
176244,"RU RING, WG, #17624",23537,35245,29798,24366,23217,16038,3.7,RU,2,0.32,RU,4,0.42,RU,8,0.43,DA,20,0.34
183442,"BS RING, WG, #16716",24440,34378,29756,25140,24173,18079,3.14,BS,20,1.97,DA,11,0.1,,0,0,,0,0
183143,"PS RING, YG, #18554",25061,41644,33918,26231,24590,14442,5.24,PS,7,1.96,DA,65,0.25,,0,0,,0,0
183866,"RA RING, YG, #17825",10353,19532,15257,11005,10107,4478,2.9,RA,6,2.21,PL,1,0.24,DA,14,0.11,,0,0
181571,"RU RING, WG, #12948",17585,24578,21313,18086,17392,13106,2.21,RU,4,0.59,RU,1,0.07,DA,4,0.28,DA,1,0.01
182733,"EM RING, WG, #18545",23268,34091,29036,24047,22947,16338,3.42,EM,3,0.71,DA,12,0.25,,0,0,,0,0
183133,"RU RING, WG, #18510",18627,26908,23187,19534,18732,13879,2.51,RU,4,0.81,DA,1,0.07,DA,38,0.15,,0,0
184899,"EM RING, WG, #18234",176640,187770,182552,177379,176288,169445,3.53,EM,1,1.15,DA,10,0.95,DA,28,0.36,,0,0
178012,"SA RING, WG, #17898",17380,28870,23500,18185,17049,10026,3.63,SA,12,0.53,DA,12,0.36,,0,0,,0,0
182730,"SA RING, YG, #18544",21025,37290,29717,22171,20575,10608,5.14,SA,14,3.23,DA,3,0.05,,0,0,,0,0
180920,"BS RING, YG, #8485",18677,26589,22921,19238,18466,13611,2.5,BS,1,0.88,DA,17,0.15,DA,1,0.01,,0,0
181169,"RU RING, WG, #17648",13507,21890,18136,14416,13610,8705,2.54,RU,1,0.32,DA,21,0.23,,0,0,,0,0
174649,"RU RING, WG, #16689",24158,29839,25553,21289,20362,14734,2.91,RU,4,0.77,DA,13,0.18,DA,28,0.22,,0,0
182372,"PS RING, YG, #80233",32197,41057,36933,32824,31944,26522,2.8,PS,1,1,DA,2,0.09,DA,12,0.32,,0,0
181620,"EM RING, WG, #16039",21206,29276,25511,21778,20970,16039,2.55,EM,2,0.37,DA,30,0.47,,0,0,,0,0
182636,"RU RING, YG, #10676",9862,15559,12911,10266,9701,6215,1.8,RU,1,0.54,DA,21,0.21,,0,0,,0,0
177777,"RU RING, WG, #17853",26435,36269,31864,27495,26584,20800,2.98,RU,1,0.43,DA,8,0.63,,0,0,,0,0
181656,"EM RING, YW, #16115",19194,26369,23115,19900,19209,14949,2.2,EM,1,0.28,YD,14,0.07,DA,12,0.17,DA,20,0.15
186283,"EM RING, WG, #15981",23768,29897,27131,24411,23805,20190,1.87,EM,4,0.59,DA,3,0.44,,0,0,,0,0
185152,"EM EARRINGS, WG, #18696",26363,33382,30235,27084,26404,22273,2.14,EM,2,1.14,DA,32,0.25,,0,0,,0,0
184892,"SA EARRINGS, WG, #18118",12088,14876,13097,11348,10971,8648,1.2,SA,2,0.7,DA,36,0.1,,0,0,,0,0
180814,"OP PENDANT, WG, #8578",7921,12004,10084,8205,7812,5307,1.29,OP,1,0.9,DA,22,0.14,,0,0,,0,0
184463,"OP PENDANT, WG, #7787",5216,9108,7297,5480,5099,2724,1.23,OP,1,0.6,DA,5,0.02,,0,0,,0,0
185920,"SA RING, WG, #15699",15002,21599,18648,15719,15090,11217,2,SA,1,0.61,DA,46,0.15,,0,0,,0,0
186289,"SA RING, WG, #16900",66251,74136,70589,67103,66351,61730,2.39,SA,1,1.24,DA,9,0.8,,0,0,,0,0
186317,"SA RING, WG, #15300",72702,80126,76817,73511,72810,68446,2.25,SA,1,1.33,OV,2,0.34,DA,8,0.46,,0,0
186290,"RU RING, WG, #16675",75772,84715,80733,76753,75889,70648,2.71,RU,1,1.84,BG,4,0.27,DA,10,0.57,,0,0
186029,"RU RING, WG, #12917",71593,80401,76463,72562,71705,66541,2.67,RU,1,0.81,RU,2,0.59,OV,2,0.62,DA,48,0.18
185923,"SA RING, WG, #16741",21928,28294,25462,22608,22020,18276,1.93,SA,2,1.1,DA,83,0.22,,0,0,,0,0
186331,"RU PENDANT, WG, #18653",14423,20493,17760,15077,14505,10942,1.84,RU,6,1.36,DA,1,0.03,DA,6,0.05,,0,0
185921,"SA PENDANT, WG, #15700",12281,14955,13772,12579,12326,10751,0.81,SA,1,0.62,DA,46,0.15,,0,0,,0,0
185150,"RU RING, WG, #15625",23188,30816,25956,21160,20141,13790,3.28,RU,1,0.86,DA,2,0.1,DA,4,0.12,DA,6,0.12
154208,"RU PENDANT, WG, #11479",28245,32772,30657,28556,28111,25349,1.43,RU,1,1.3,TD,8,0.11,DA,1,0.06,DA,8,0.18
181311,"EM MIXED NECKLACE, YG, #17424",26712,37218,32314,27468,26413,19984,3.32,EM,1,1.23,DA,18,0.17,,0,0,,0,0
178399,"TD PENDANT, PG, #17979",23160,27654,25550,23491,23019,20283,1.42,TD,15,0.52,DA,6,0.16,DA,25,0.1,,0,0
177431,"RU RING, WG, #17821",141553,160698,151790,142909,141015,129292,6.05,RU,1,1.74,PS,1,0.1,OV,3,0.75,DA,51,0.37
186287,"SA PENDANT, WG, #14759",42714,47697,45451,43263,42776,39858,1.51,SA,1,1.42,DA,6,0.4,DA,6,0.16,,0,0
179157,"EM MIXED NECKLACE, WG, #18139",66910,86454,78773,71165,69531,59462,4.73,EM,5,2.28,PE,30,1.56,DA,25,0.36,,0,0
183122,"RU PENDANT, WG, #80192",41987,44622,42637,40653,40222,37615,1.35,RU,1,1.42,DA,19,0.6,,0,0,,0,0
181218,"DA BANGLE, WG, #11873",18950,44997,36436,27978,26095,14837,4.36,DA,49,0.67,,0,0,,0,0,,0,0
183173,"EM RING, WG, #18587",78078,87445,83063,78748,77812,72080,2.96,EM,1,0.74,PS,2,0.21,DA,10,0.25,,0,0
183169,"EM RING, WG, #18586",81568,90491,86346,82211,81327,75852,2.82,EM,1,0.7,DA,14,0.33,DA,4,0.05,DA,8,0.06
184753,"RU RING, WG, #15171",70644,83554,77522,71546,70276,62375,4.08,RU,1,1.15,BG,6,0.52,DA,10,0.62,DA,24,0.21
184467,"EM RING, WG, #18667",82148,93469,88185,82907,81778,74834,3.59,EM,1,0.97,TD,2,0.4,DA,34,0.45,,0,0
177045,"RU RING, WG, #17776",78893,91648,85713,79787,78526,70729,4.03,RU,2,1.61,PS,4,0.49,MQ,2,0.1,DA,10,0.51
183674,"SA RING, WG, #15930",22394,34198,28676,23219,22065,14835,3.73,SA,2,1.2,DA,16,0.22,,0,0,,0,0
176552,"RU RING, WG, #16688",21269,29373,25597,21851,21041,16084,2.56,RU,6,0.9,DA,7,0.2,DA,4,0.07,DA,32,0.17
185479,"RU RING, WG, #18320",11873,17681,15077,12512,11953,8545,1.76,RU,6,0.58,DA,1,0.08,DA,12,0.07,,0,0
183494,"RU RING, WG, #14107",27308,36045,31966,27936,27063,21717,2.76,RU,1,1,DA,28,0.34,,0,0,,0,0
183693,"EM RING, YG, #17885",20668,27758,24460,21166,20468,16130,2.24,EM,5,1.22,,0,0,,0,0,,0,0
183878,"SA RING, YG, #18306",16716,22041,18646,15302,14595,10154,2.29,SA,9,3,DA,9,0.08,,0,0,,0,0
177179,"RU RING, WG, #16911",31319,43759,35871,28028,26340,15987,5.35,RU,1,0.46,RU,4,0.95,DA,6,0.06,DA,42,0.26
176011,"RU RING, WG, #17608",29467,40769,33587,26485,24939,15541,4.86,RU,7,0.88,DA,6,0.06,DA,44,0.31,,0,0
185083,"SA RING, WG, #15522",25124,33867,29950,26075,25249,20111,2.65,SA,5,1.4,DA,4,0.14,DA,72,0.27,,0,0
182395,"RU RING, WG, #17843",12806,18154,15669,13179,12661,9382,1.69,RU,5,0.91,DA,6,0.1,DA,8,0.04,,0,0
180684,"RU RING, WG, #16661",22541,35739,29567,23490,22175,14094,4.17,RU,6,1.1,DA,50,0.25,,0,0,,0,0
176834,"RU RING, WG, #17728",25334,35019,30485,26028,25074,19135,3.06,RU,5,1.75,DA,78,0.3,,0,0,,0,0
176789,"RU RING, WG, #17723",14696,22353,18773,15249,14491,9791,2.42,RU,1,0.51,DA,12,0.17,,0,0,,0,0
182366,"SA RING, WG, #18504",23810,29738,25973,22240,21432,16501,2.55,SA,1,0.86,DA,60,0.32,,0,0,,0,0
183639,"RU RING, WG, #17777",24515,29679,26403,23163,22441,18155,2.22,RU,1,0.75,DA,66,0.29,,0,0,,0,0
185170,"SA RING, WG, #10190",17262,25545,21824,18171,17370,12516,2.51,SA,1,0.94,DA,11,0.28,,0,0,,0,0
181281,"SA RING, WG, #18383",66835,77245,72375,67566,66545,60167,3.29,SA,1,1.68,DA,36,0.6,,0,0,,0,0
183700,"RU RING, WG, #16897",70539,81262,76477,71706,70691,64391,3.25,RU,1,1.47,OV,2,0.27,BG,2,0.17,DA,22,0.55
176927,"RU RING, WG, #15910",65428,74196,70106,66063,65188,59817,2.77,RU,1,1.3,DA,10,0.56,DA,10,0.13,DA,10,0.06
182311,"RU RING, WG, #18372",36389,44617,40798,36973,36156,31121,2.6,RU,1,1.12,RU,14,0.7,DA,10,0.14,DA,22,0.08
185718,"RU RING, WG, #16875",52513,59539,56403,53265,52614,48482,2.13,RU,1,1.33,DA,4,0.13,DA,4,0.05,DA,8,0.04
178250,"EM RING, WG, #14110",34524,43606,39364,35179,34258,28708,2.87,EM,1,1.63,DA,16,0.28,,0,0,,0,0
184921,"EM RING, WG, #15623",25355,29772,26973,24186,23575,19909,1.9,EM,1,0.79,DA,36,0.25,,0,0,,0,0
180899,"RU RING, WG, #7938",45700,55131,50726,46357,45446,39662,2.98,RU,1,1,DA,14,0.26,,0,0,,0,0
184923,"RU RING, WG, #17748",44579,54146,49871,45619,44722,39092,2.9,RU,1,0.94,DA,12,0.42,,0,0,,0,0
183201,"SA EARRINGS, WG, #80098",23709,31463,28002,24554,23808,19264,2.35,SA,2,1.26,DA,24,0.32,,0,0,,0,0
152645,"PS PENDANT, WG, #10068",6497,9124,7919,6672,6416,4815,0.83,PS,6,0.4,DA,1,0.05,,0,0,,0,0
172026,"RU PENDANT, WG, #17099",28766,39369,34432,29519,28460,21979,3.35,RU,3,0.98,RU,2,0.4,DA,1,0.06,DA,76,0.37
183621,"RS PENDANT, YG, #10245",13121,19072,16295,13533,12954,9314,1.88,RS,8,2.21,DA,1,0.03,DA,19,0.08,,0,0
185719,"TZ PENDANT, WG, #10565",6964,10823,9077,7394,7022,4750,1.17,TZ,1,0.67,DA,12,0.09,,0,0,,0,0
180806,"RU PENDANT, WG, #15835",24700,29924,27483,25072,24560,21359,1.65,RU,1,1.1,DA,44,0.25,,0,0,,0,0
182303,"RU PENDANT, WG, #17286",15842,23036,19803,16614,15955,11719,2.18,RU,5,1.14,DA,1,0.03,DA,10,0.14,,0,0
183358,"RU PENDANT, WG, #14700",9962,11499,10523,9564,9364,8074,0.66,RU,1,0.66,DA,12,0.11,DA,4,0.02,,0,0
176568,"RU MIXED NECKLACE, WG, #17557",30715,44702,38171,31718,30331,21758,4.42,RU,20,2,DA,9,0.38,DA,20,0.13,,0,0
183486,"SA RING, YG, #16880",9114,12904,10061,7194,6604,2834,1.94,SA,9,0.21,,0,0,,0,0,,0,0
181690,"RU RING, WG, #17899",20937,26073,22179,18328,17507,12420,2.63,RU,7,0.85,DA,40,0.2,,0,0,,0,0
181769,"SA RING, WG, #17681",64919,73719,69618,65534,64658,59289,2.78,SA,1,1.43,BG,4,0.46,DA,8,0.21,DA,10,0.13
179794,"EM RING, WG, #18276",55516,64874,60481,56153,55215,49457,2.97,EM,1,0.74,EM,4,0.31,OV,4,0.59,,0,0
166687,"EM RING, WG, #14160",17228,28687,23328,18055,16919,9896,3.62,EM,6,0.26,DA,5,0.22,,0,0,,0,0
178648,"EM RING, WG, #14432",74575,83225,76683,70188,68800,60229,4.43,EM,2,1,DA,14,0.61,DA,14,0.43,DA,2,0.04
182502,"BS RING, WG, #14881",24192,34571,29711,24915,23896,17544,3.28,BS,1,1.15,BG,2,0.09,DA,50,0.28,,0,0
170301,"RU RING, WG, #16888",35045,43906,39783,35673,34794,29371,2.8,RU,1,1.05,DA,22,0.39,DA,20,0.11,,0,0
180742,"EM RING, YG, #18389",87805,97197,90112,83060,81549,72229,4.81,EM,1,1.36,DA,12,1.2,DA,6,0.22,DA,28,0.63
182302,"RU RING, WG, #18501",31748,36531,32918,29327,28564,23813,2.45,RU,1,0.58,RU,11,0.52,DA,1,0.09,DA,5,0.2
184503,"RU EARRINGS, WG, #18668",21277,30350,26281,22264,21393,16075,2.75,RU,10,1.54,DA,2,0.08,DA,16,0.13,,0,0
180890,"EM RING, YW, #18413",29072,35984,30755,25570,24477,17608,3.54,EM,1,1.09,DA,16,0.42,DA,20,0.16,,0,0
180895,"SA RING, YW, #18417",50001,59510,52317,45202,43653,34230,4.87,SA,2,0.94,MQ,2,0.23,DA,14,0.9,,0,0
180519,"SA RING, WG, #17080",76898,87880,82769,77689,76580,69867,3.47,SA,1,1.57,BG,2,0.14,DA,8,0.93,,0,0
178253,"PS EARRINGS, PG, #17089",10517,13720,11290,8892,8382,5206,1.64,PS,12,0.37,DA,2,0.05,,0,0,,0,0
181587,"PS EARRINGS, PG, #16035",14234,18198,15214,12218,11585,7660,2.03,PS,14,0.25,DA,32,0.19,,0,0,,0,0
175712,"RU PENDANT, WG, #17462",13763,15911,14284,12677,12318,10202,1.1,RU,3,0.6,DA,8,0.32,,0,0,,0,0
185168,"RU PENDANT, WG, #16467",61782,68315,65386,62482,61858,58038,1.98,RU,1,1.41,DA,8,0.54,DA,8,0.28,,0,0
183447,"BS EARRINGS, WG, #13386",20828,26393,22174,18014,17125,11600,2.85,BS,12,1.05,DA,2,0.15,,0,0,,0,0
184473,"RU EARRINGS, WG, #10055",10693,13796,11463,9115,8615,5543,1.59,RU,12,0.48,DA,2,0.06,,0,0,,0,0
186070,"BS EARRINGS, WG, #445",13663,17529,14600,11696,11072,7251,1.98,BS,10,0.79,DA,2,0.03,,0,0,,0,0
185348,"PS EARRINGS, YG, #10193",20139,28784,24901,21092,20244,15184,2.62,PS,2,1.19,SA,2,0.96,YS,2,1.19,GS,2,1.35
185171,"SA PENDANT, WG, #10195",25633,30945,28590,26217,25712,22588,1.61,SA,1,1.85,TD,1,0.14,TD,2,0.09,DA,13,0.37
185162,"EM PENDANT, WG, #15266",11420,15106,13445,11772,11435,9240,1.13,EM,1,0.5,DA,32,0.15,,0,0,,0,0
180616,"EM RING, PG, #18106",39110,64744,52789,40928,38396,22698,8.1,EM,19,0.28,RS,64,1.21,YD,18,0.24,DA,21,0.26
185562,"RU PENDANT, WG, #15692",10424,12504,11561,10640,10447,9233,0.63,RU,5,1.04,DA,1,0.08,,0,0,,0,0
185892,"RU PENDANT, WG, #14971",15456,17635,16659,15700,15501,14210,0.66,RU,5,1.91,DA,1,0.05,,0,0,,0,0
181191,"RU PENDANT, WG, #15361",26809,28780,27294,25816,25500,23538,1.01,RU,1,0.83,DA,12,0.3,,0,0,,0,0
184879,"RU PENDANT, WG, #18543",14368,15442,14629,13825,13645,12587,0.55,RU,1,0.69,DA,18,0.12,,0,0,,0,0
185607,"SA PENDANT, WG, #15638",9425,11403,10534,9639,9450,8288,0.6,SA,1,0.49,SA,1,0.29,DA,1,0.01,DA,14,0.09
183642,"RU PENDANT, WG, #18493",8404,9693,8717,7758,7558,6268,0.66,RU,1,0.8,DA,16,0.06,,0,0,,0,0
181159,"RU PENDANT, WG, #17553",27300,32553,30101,27678,27137,23935,1.66,RU,8,2.59,DA,4,0.06,DA,46,0.18,,0,0
176071,"RU PENDANT, WG, #7695",23054,26725,23947,21185,20606,16966,1.88,RU,9,2.09,RU,3,0.19,DA,5,0.08,,0,0
175006,"RU PENDANT, WG, #17248",18333,24473,21629,18763,18172,14403,1.94,RU,4,0.95,DA,1,0.05,DA,28,0.25,DA,2,0.07
182392,"RU PENDANT, WG, #16913",22898,30494,26936,23438,22684,18037,2.4,RU,5,1.42,DA,1,0.04,DA,3,0.1,DA,38,0.23
184496,"RU PENDANT, WG, #16729",23470,28742,24770,20803,19941,14726,2.7,RU,1,0.17,RU,5,0.57,RU,5,0.15,DA,75,0.29
181309,"SA MIXED NECKLACE, WG, #17893",24209,28367,25231,22092,21441,17310,2.13,SA,1,1.23,DA,11,0.16,DA,20,0.1,,0,0
185347,"TZ PENDANT, WG, #7547",10588,13161,12011,10856,10609,9112,0.78,TZ,1,0.82,DA,3,0.2,,0,0,,0,0
181447,"EM MIXED NECKLACE, YW, #10943",15469,24815,20411,16042,15130,9347,2.98,EM,1,0.4,DA,5,0.16,DA,8,0.1,DA,9,0.04
183362,"RU MIXED NECKLACE, WG, #12814",18518,21935,19343,16790,16233,12852,1.75,RU,3,0.45,DA,3,0.3,,0,0,,0,0
185169,"RU RING, WG, #17831",67847,78341,73633,68979,67978,61833,3.18,RU,1,1.53,DA,8,0.54,DA,8,0.28,,0,0
185085,"EM RING, WG, #15636",17039,24815,21332,17858,17109,12512,2.37,EM,1,0.53,DA,4,0.13,DA,28,0.18,,0,0
181639,"TZ RING, WG, #15844",47884,61842,55322,48881,47496,38950,4.41,TZ,1,1.78,DA,52,0.7,,0,0,,0,0
184369,"SA RING, WG, #16040",83794,99633,92558,85519,84011,74716,4.8,SA,1,2.99,DA,12,1,,0,0,,0,0
181671,"EM RING, YG, #7004",11432,21234,16645,12095,11106,5089,3.11,EM,3,0.04,DA,22,0.14,,0,0,,0,0
180488,"SA RING, WG, #17897",17984,22670,20500,18307,17853,14987,1.48,SA,3,1.17,DA,4,0.31,,0,0,,0,0
178383,"SA RING, WP, #17968",16628,23686,20399,17118,16422,12110,2.23,SA,1,1.11,DA,44,0.16,,0,0,,0,0
181750,"BS RING, WG, #17117",12004,18080,15259,12446,11831,8113,1.92,BS,1,0.75,DA,16,0.09,,0,0,,0,0
177991,"SA RING, WG, #17887",18262,24880,19858,14907,13841,7283,3.39,SA,5,0.9,DA,4,0.05,DA,42,0.11,,0,0
183394,"RU RING, WG, #12508",13679,17427,14605,11793,11178,7460,1.92,RU,1,0.68,DA,2,0.06,DA,2,0.03,,0,0
174535,"RU RING, WG, #7831",13751,18123,14825,11531,10833,6495,2.24,RU,6,0.76,,0,0,,0,0,,0,0
181597,"SA RING, WG, #17360",13104,16754,13987,11267,10661,7046,1.87,SA,1,0.56,DA,17,0.09,,0,0,,0,0
181127,"SA RING, WG, #80159",26326,32125,27732,23404,22466,16708,2.97,SA,1,1.02,DA,12,0.31,,0,0,,0,0
180845,"SA RING, WG, #17717",24037,31262,28018,24817,24128,19894,2.19,SA,1,0.83,DA,2,0.07,DA,12,0.17,,0,0
185478,"RU RING, WG, #18105",16162,21935,19343,16790,16233,12852,1.75,RU,1,0.49,DA,14,0.19,DA,36,0.1,,0,0
182278,"RU RING, WG, #18500",26069,32271,29363,26513,25892,22096,1.96,RU,1,0.89,DA,12,0.32,,0,0,,0,0
180332,"SA RING, YG, #18661",20202,30075,25475,20913,19921,13879,3.12,SA,9,2.96,DA,70,0.25,,0,0,,0,0
181272,"RU RING, WG, #18058",12797,16917,13803,10719,10043,5965,2.11,RU,6,0.55,DA,5,0.07,,0,0,,0,0
182503,"SA RING, YG, #18662",17938,27813,23213,18651,17659,11617,3.12,SA,5,2.8,DA,54,0.16,,0,0,,0,0
176984,"RU PENDANT, WG, #17763",15737,18155,16635,15091,14770,12757,1.04,RU,1,0.61,DA,44,0.13,,0,0,,0,0
185164,"EM EARRINGS, WG, #2466",14104,16825,15079,13396,13023,10751,1.17,EM,2,0.43,DA,24,0.17,,0,0,,0,0
183250,"SA EARRINGS, WG, #18492",20538,24443,21969,19492,18976,15723,1.68,SA,2,1.19,DA,32,0.2,,0,0,,0,0
180844,"RU RING, WG, #15587",14328,21576,18115,14667,13922,9378,2.35,RU,1,0.54,DA,6,0.16,DA,6,0.07,,0,0
176243,"RU RING, WG, #17623",19568,26451,22068,17753,16817,11085,2.96,RU,2,0.29,RU,4,0.33,RU,2,0.08,DA,18,0.33
178425,"PS RING, WP, #17964",20500,31417,26328,21273,20195,13508,3.45,PS,9,2.08,DA,50,0.19,,0,0,,0,0
184768,"SA RING, WG, #15494",18312,24660,20614,16621,15782,10488,2.73,SA,5,1.56,DA,40,0.27,,0,0,,0,0
183484,"YS RING, YG, #8824",16170,25759,21300,16839,15892,10031,3.03,YS,1,0.56,RS,3,1.33,RS,2,0.56,DA,6,0.07
178560,"DA RING, PG, #18023",15217,24944,21136,17352,16508,11500,2.36,DA,34,0.46,DA,6,0.05,,0,0,,0,0
178517,"SA RING, WG, #17625",8597,14569,12236,9917,9388,6316,1.45,SA,1,0.24,DA,21,0.22,,0,0,,0,0
184586,"BL RING, PG, #9772",13133,17942,15686,13484,12995,10052,1.52,BL,7,0.16,RU,7,0.17,YD,17,0.29,DA,7,0.12
184593,"RU RING, PG, #17086",18425,24912,21906,18885,18247,14270,2.05,RU,6,0.34,SA,6,0.33,YD,12,0.47,DA,6,0.22
184591,"BL RING, YG, #17459",19891,28501,24507,20515,19649,14382,2.72,BL,3,0.08,RU,6,0.31,YD,17,0.6,DA,6,0.19
184589,"BL RING, YG, #14015",24104,31957,28463,24948,24198,19603,2.38,BL,6,0.32,RU,5,0.37,YD,10,0.5,DA,5,0.25
183293,"RU RING, WG, #15749",28258,38038,33470,28946,27988,21997,3.09,RU,1,0.85,DA,12,0.16,DA,40,0.28,,0,0
171623,"RU RING, WG, #16576",14553,18274,15929,13569,13066,9968,1.6,RU,1,0.36,DA,16,0.21,DA,16,0.11,,0,0
183596,"EM RING, WG, #13812",24710,31290,27134,22958,22073,16600,2.83,EM,1,0.61,DA,21,0.24,,0,0,,0,0
183593,"RU RING, WG, #16468",10790,17753,14498,11284,10593,6333,2.2,RU,1,0.28,DA,34,0.16,,0,0,,0,0
180702,"RU RING, WG, #18370",33058,41763,37695,33677,32806,27488,2.75,RU,1,0.92,DA,16,0.22,DA,22,0.08,,0,0
183391,"RU RING, WG, #14991",16489,21095,18166,15261,14637,10817,1.98,RU,1,0.64,DA,18,0.06,,0,0,,0,0
183493,"RU RING, WG, #13811",17657,23561,19808,16087,15281,10376,2.54,RU,1,0.59,DA,10,0.16,,0,0,,0,0
183205,"RU RING, WG, #18017",25431,30826,27398,24016,23276,18783,2.32,RU,1,0.93,DA,14,0.25,,0,0,,0,0
183595,"RU RING, WG, #13813",32319,37201,34098,31026,30380,26300,2.1,RU,1,0.72,TD,2,0.12,DA,19,0.29,DA,6,0.04
184934,"SA RING, WG, #15834",24965,33660,28128,22658,21475,14246,3.74,SA,1,1.07,DA,44,0.25,,0,0,,0,0
